source,url,path,sha256,bytes,retrieved_utc,http_status
bds,https://api.census.gov/data/timeseries/bds,data/raw/audit/bds/naics_11.json,825a6f2ad81bdc3196d15ef96beaac869e53aa8c4f6fa6658653ff3d8de16bb9,60687,2026-09-04T23:26:40+00:00,200
bds,https://api.census.gov/data/timeseries/bds,data/raw/audit/bds/naics_113.json,e3b0c44298fc1c149afbf4c8996fb92427ae41e4649b934ca495991b7852b855,0,2026-09-04T23:26:47+00:00,204
bds,https://api.census.gov/data/timeseries/bds,data/raw/audit/bds/naics_1133.json,e3b0c44298fc1c149afbf4c8996fb92427ae41e4649b934ca495991b7852b855,0,2026-09-04T23:26:50+00:00,204
bds,https://api.census.gov/data/timeseries/bds,data/raw/audit/bds/naics_11331.json,e3b0c44298fc1c149afbf4c8996fb92427ae41e4649b934ca495991b7852b855,0,2026-09-04T23:26:52+00:00,204
bds,https://api.census.gov/data/timeseries/bds,data/raw/audit/bds/naics_113310.json,e3b0c44298fc1c149afbf4c8996fb92427ae41e4649b934ca495991b7852b855,0,2026-09-04T23:26:52+00:00,204
bds,https://api.census.gov/data/timeseries/bds/variables.json,data/raw/audit/bds/variables.json,3498eb4973078ac3377134e899204bd7e68fcd5b596bcb7939aa61975a5e5d43,573032,2026-09-04T23:26:39+00:00,200
cbp_metadata,https://api.census.gov/data/2017/cbp,data/raw/audit/cbp_metadata/2017/data_113310.json,dd9fe6695ab28abdd88fa8122824cc77b9b5d201522f7e02c851a6fa899b787a,20166,2026-09-04T14:05:53+00:00,200
cbp_metadata,https://api.census.gov/data/2017/cbp,data/raw/audit/cbp_metadata/2017/data_113310_attempt1.json,dd9fe6695ab28abdd88fa8122824cc77b9b5d201522f7e02c851a6fa899b787a,20166,2026-09-04T14:05:53+00:00,200
cbp_metadata,https://api.census.gov/data/2017/cbp.json,data/raw/audit/cbp_metadata/2017/dataset.json,20e1a730fb7cfeb1ad952fa3e5c0c9bdfb9402f940aedef835648473661b5c8e,3022,2026-09-04T14:05:51+00:00,200
cbp_metadata,https://api.census.gov/data/2017/cbp/variables/EMPSZES.json,data/raw/audit/cbp_metadata/2017/empszes.json,44dc8558cd07e63ace0bcc6c7a89a4ed187c298277dc65fab0dbfbd12b3ee6d0,2881,2026-09-04T14:05:51+00:00,200
cbp_metadata,https://api.census.gov/data/2017/cbp/geography.json,data/raw/audit/cbp_metadata/2017/geography.json,e4c574f550d7389b97c04054ed77c20fd26bdca897673bcebb8f0b1869a4c318,1041,2026-09-04T14:05:51+00:00,200
cbp_metadata,https://api.census.gov/data/2017/cbp/groups.json,data/raw/audit/cbp_metadata/2017/groups.json,8692a80aa999390ebfda28ec86ad3cb3b49850cf54e7ccde50dbd13668358308,307,2026-09-04T14:05:51+00:00,200
cbp_metadata,https://api.census.gov/data/2017/cbp/groups/CB1700CBP.json,data/raw/audit/cbp_metadata/2017/groups_CB1700CBP.json,3d4055a71eedc3ae19e94102fb860ebb71765f0801811fff8293194b880a2b37,8438,2026-09-04T14:05:51+00:00,200
cbp_metadata,https://api.census.gov/data/2017/cbp/variables/LFO.json,data/raw/audit/cbp_metadata/2017/lfo.json,1a20bd636e9d646b0e4c4310e543e78dccfc7e0aebd28ec0f14d94d27881da91,1142,2026-09-04T14:05:51+00:00,200
cbp_metadata,https://api.census.gov/data/2017/cbp/variables.json,data/raw/audit/cbp_metadata/2017/variables.json,dfaa36d6d8d06ff8890726907c204b43f9e1ff7d6c0798a5dce898774f65201f,379461,2026-09-04T14:05:51+00:00,200
cbp_metadata,https://api.census.gov/data/2018/cbp,data/raw/audit/cbp_metadata/2018/data_113310.json,0515b62f1fa91afee024f9af93d14a813ca79ac2f6a7342b1f9d637838cf8656,20400,2026-09-04T14:05:55+00:00,200
cbp_metadata,https://api.census.gov/data/2018/cbp,data/raw/audit/cbp_metadata/2018/data_113310_attempt1.json,0515b62f1fa91afee024f9af93d14a813ca79ac2f6a7342b1f9d637838cf8656,20400,2026-09-04T14:05:55+00:00,200
cbp_metadata,https://api.census.gov/data/2018/cbp.json,data/raw/audit/cbp_metadata/2018/dataset.json,0dca8492c1fe1695f3536dd4e1502725c3a7362ac256532836c17390ded8c09f,2851,2026-09-04T14:05:53+00:00,200
cbp_metadata,https://api.census.gov/data/2018/cbp/variables/EMPSZES.json,data/raw/audit/cbp_metadata/2018/empszes.json,c81e0dd251353814ada9e65b19dea124860d8251615cc11581aea89d61f8b41f,520,2026-09-04T14:05:53+00:00,200
cbp_metadata,https://api.census.gov/data/2018/cbp/geography.json,data/raw/audit/cbp_metadata/2018/geography.json,fc0619ee1e93e6f0df69049be0889f05dddbdf8da353bcd2540607d5c4fdd25e,1090,2026-09-04T14:05:54+00:00,200
cbp_metadata,https://api.census.gov/data/2018/cbp/groups.json,data/raw/audit/cbp_metadata/2018/groups.json,40148876e612001c9a1eadfee68f6fcaad76504dd9f510d37603a2618e52aa39,589,2026-09-04T14:05:53+00:00,200
cbp_metadata,https://api.census.gov/data/2018/cbp/groups/CB1800CBP.json,data/raw/audit/cbp_metadata/2018/groups_CB1800CBP.json,1c0e73950d3e7e0355279b9b71b17cba8062da695b45d2da652cf9dbee88519b,11983,2026-09-04T14:05:53+00:00,200
cbp_metadata,https://api.census.gov/data/2018/cbp/groups/CB1800ZBP.json,data/raw/audit/cbp_metadata/2018/groups_CB1800ZBP.json,6c65bf76a001668128552332578e7d8f0ca2c4e07c3ca494fae011d60b1145ef,11161,2026-09-04T14:05:53+00:00,200
cbp_metadata,https://api.census.gov/data/2018/cbp/variables/LFO.json,data/raw/audit/cbp_metadata/2018/lfo.json,1d40f938a0012c7071eda78b4a151d09792fa0ea3c11d7ae40fdf041c4c5132d,398,2026-09-04T14:05:53+00:00,200
cbp_metadata,https://api.census.gov/data/2018/cbp/variables.json,data/raw/audit/cbp_metadata/2018/variables.json,46292f934dbcb043a35df8609755a346bf76c3c99efa7acc257fc4c2e8d9d2e1,377494,2026-09-04T14:05:53+00:00,200
cbp_metadata,https://api.census.gov/data/2019/cbp,data/raw/audit/cbp_metadata/2019/data_113310.json,7d8a6d344f0fc9a898ae1a3558aea0a9af98d21cdcb2b9c5348d3f7457d10ab2,19971,2026-09-04T14:05:57+00:00,200
cbp_metadata,https://api.census.gov/data/2019/cbp,data/raw/audit/cbp_metadata/2019/data_113310_attempt1.json,7d8a6d344f0fc9a898ae1a3558aea0a9af98d21cdcb2b9c5348d3f7457d10ab2,19971,2026-09-04T14:05:57+00:00,200
cbp_metadata,https://api.census.gov/data/2019/cbp.json,data/raw/audit/cbp_metadata/2019/dataset.json,bd1693f24c0557e5912e62a15fd7865da1ea2c18f9a498caa9ab54e999da68fc,2862,2026-09-04T14:05:55+00:00,200
cbp_metadata,https://api.census.gov/data/2019/cbp/variables/EMPSZES.json,data/raw/audit/cbp_metadata/2019/empszes.json,077f69a6bc89c6770aafd0bf75c47aa4dbb9abd5d0f00ce9d9a92b30d50a48c3,413,2026-09-04T14:05:55+00:00,200
cbp_metadata,https://api.census.gov/data/2019/cbp/geography.json,data/raw/audit/cbp_metadata/2019/geography.json,fc0619ee1e93e6f0df69049be0889f05dddbdf8da353bcd2540607d5c4fdd25e,1090,2026-09-04T14:05:56+00:00,200
cbp_metadata,https://api.census.gov/data/2019/cbp/groups.json,data/raw/audit/cbp_metadata/2019/groups.json,90d4402f842648601ebc55196500677bece1a675bdc6617c6651a7583c47f33c,349,2026-09-04T14:05:56+00:00,200
cbp_metadata,https://api.census.gov/data/2019/cbp/groups/CB1900CBP.json,data/raw/audit/cbp_metadata/2019/groups_CB1900CBP.json,ec34d1aa27377f49ebce59ef45dd983b5fbb3270d4efad696bf3d1a03783b4d7,9752,2026-09-04T14:05:56+00:00,200
cbp_metadata,https://api.census.gov/data/2019/cbp/variables/LFO.json,data/raw/audit/cbp_metadata/2019/lfo.json,8ece7ddc9c1bfd50592f15f9f9ffe93ff2ee01243ad8a1ce8e4747c5a4ca02bc,398,2026-09-04T14:05:56+00:00,200
cbp_metadata,https://api.census.gov/data/2019/cbp/variables.json,data/raw/audit/cbp_metadata/2019/variables.json,3faf585d1fcd9fba8f4e5bbce2457c791dbcd6b7e4532e3a5659ab80a9f51baa,376317,2026-09-04T14:05:55+00:00,200
cbp_metadata,https://api.census.gov/data/2020/cbp,data/raw/audit/cbp_metadata/2020/data_113310.json,e56026481e27665e6f1b08ab158d5b9bc28a4ba6ceba282fb70ccb80b051aba9,19516,2026-09-04T14:05:58+00:00,200
cbp_metadata,https://api.census.gov/data/2020/cbp,data/raw/audit/cbp_metadata/2020/data_113310_attempt1.json,e56026481e27665e6f1b08ab158d5b9bc28a4ba6ceba282fb70ccb80b051aba9,19516,2026-09-04T14:05:58+00:00,200
cbp_metadata,https://api.census.gov/data/2020/cbp.json,data/raw/audit/cbp_metadata/2020/dataset.json,38b4cbe7d2e40298a4e4a5347de42fcd3bf939d52728cf0c746979e64a8bf58c,2851,2026-09-04T14:05:57+00:00,200
cbp_metadata,https://api.census.gov/data/2020/cbp/variables/EMPSZES.json,data/raw/audit/cbp_metadata/2020/empszes.json,fb0aa53c5b6e3438d5cd47fe2dc0b20ab4744d5cb06015b8ba9a53f691a55624,413,2026-09-04T14:05:57+00:00,200
cbp_metadata,https://api.census.gov/data/2020/cbp/geography.json,data/raw/audit/cbp_metadata/2020/geography.json,fc0619ee1e93e6f0df69049be0889f05dddbdf8da353bcd2540607d5c4fdd25e,1090,2026-09-04T14:05:57+00:00,200
cbp_metadata,https://api.census.gov/data/2020/cbp/groups.json,data/raw/audit/cbp_metadata/2020/groups.json,da0508444727407cb6f7904dbe82f4f8617ba8c5fff0ba1605ffad98f21fe44c,349,2026-09-04T14:05:57+00:00,200
cbp_metadata,https://api.census.gov/data/2020/cbp/groups/CB2000CBP.json,data/raw/audit/cbp_metadata/2020/groups_CB2000CBP.json,7d5973369c1cd3296af9ccf256ae2f83364c50e3d609fecd7e85c12016f86c11,9752,2026-09-04T14:05:57+00:00,200
cbp_metadata,https://api.census.gov/data/2020/cbp/variables/LFO.json,data/raw/audit/cbp_metadata/2020/lfo.json,06ebdcace0c7214a8416fb42beb0c01436d0cecdf909ba2b52199e17fff0774a,398,2026-09-04T14:05:57+00:00,200
cbp_metadata,https://api.census.gov/data/2020/cbp/variables.json,data/raw/audit/cbp_metadata/2020/variables.json,9daa48a84de83c439025afdc030686ed260e9115e5bf5d4c6456ca27d49bcbfb,376317,2026-09-04T14:05:57+00:00,200
cbp_metadata,https://api.census.gov/data/2021/cbp,data/raw/audit/cbp_metadata/2021/data_113310.json,10b1079e3a11dafb55827541b0694d0582b48df713fc4d9fb82c5c1fadbf1815,19851,2026-09-04T14:05:59+00:00,200
cbp_metadata,https://api.census.gov/data/2021/cbp,data/raw/audit/cbp_metadata/2021/data_113310_attempt1.json,10b1079e3a11dafb55827541b0694d0582b48df713fc4d9fb82c5c1fadbf1815,19851,2026-09-04T14:05:59+00:00,200
cbp_metadata,https://api.census.gov/data/2021/cbp.json,data/raw/audit/cbp_metadata/2021/dataset.json,16f382688ad3b8d169728c2d2cfd9b984255537d6a452138253679f170dc1883,2862,2026-09-04T14:05:58+00:00,200
cbp_metadata,https://api.census.gov/data/2021/cbp/variables/EMPSZES.json,data/raw/audit/cbp_metadata/2021/empszes.json,bf940bc50e950124aa39041d2775e92aae29624f9947d8776044a911814d4930,413,2026-09-04T14:05:58+00:00,200
cbp_metadata,https://api.census.gov/data/2021/cbp/geography.json,data/raw/audit/cbp_metadata/2021/geography.json,fc0619ee1e93e6f0df69049be0889f05dddbdf8da353bcd2540607d5c4fdd25e,1090,2026-09-04T14:05:58+00:00,200
cbp_metadata,https://api.census.gov/data/2021/cbp/groups.json,data/raw/audit/cbp_metadata/2021/groups.json,322ef5800a1140ff5da9ff84c1f420a5edca9ac5a13c51fc2f94ad1ca54cd565,349,2026-09-04T14:05:58+00:00,200
cbp_metadata,https://api.census.gov/data/2021/cbp/groups/CB2100CBP.json,data/raw/audit/cbp_metadata/2021/groups_CB2100CBP.json,517172f571923ed595ce53d5b02d20fa02552c02ba043ee6ce7a72da6e3e3e2b,9752,2026-09-04T14:05:58+00:00,200
cbp_metadata,https://api.census.gov/data/2021/cbp/variables/LFO.json,data/raw/audit/cbp_metadata/2021/lfo.json,1ea7cf849cd54a703c0eab6397f1a0dc17ddc1b1ef81353b63e52e86cb13736f,398,2026-09-04T14:05:58+00:00,200
cbp_metadata,https://api.census.gov/data/2021/cbp/variables.json,data/raw/audit/cbp_metadata/2021/variables.json,20cf6f8f0eedf030828ab049ad10d503ee06d04e1e4e0c5475029fe9f9cf87e6,384986,2026-09-04T14:05:58+00:00,200
cbp_metadata,https://api.census.gov/data/2022/cbp,data/raw/audit/cbp_metadata/2022/data_113310.json,d38e1a0bbfe2d8db101a0a46eebdf02815c7c53f0119d3dd8e95210acc0438c1,19195,2026-09-04T14:05:59+00:00,200
cbp_metadata,https://api.census.gov/data/2022/cbp,data/raw/audit/cbp_metadata/2022/data_113310_attempt1.json,d38e1a0bbfe2d8db101a0a46eebdf02815c7c53f0119d3dd8e95210acc0438c1,19195,2026-09-04T14:05:59+00:00,200
cbp_metadata,https://api.census.gov/data/2022/cbp.json,data/raw/audit/cbp_metadata/2022/dataset.json,1e273ac1fd5b5c7dd1f00db957e0148d78fb52577bf107a63b203a89137b3d55,2833,2026-09-04T14:05:59+00:00,200
cbp_metadata,https://api.census.gov/data/2022/cbp/variables/EMPSZES.json,data/raw/audit/cbp_metadata/2022/empszes.json,52539d66a3ebd0a5e08a1fe003407bdc1430a599fa179777d434fd7349aeec23,413,2026-09-04T14:05:59+00:00,200
cbp_metadata,https://api.census.gov/data/2022/cbp/geography.json,data/raw/audit/cbp_metadata/2022/geography.json,10c6271f572ca296b82078ae82c89e183769b873d5d2ea27cecc52528ba79ddf,1090,2026-09-04T14:05:59+00:00,200
cbp_metadata,https://api.census.gov/data/2022/cbp/groups.json,data/raw/audit/cbp_metadata/2022/groups.json,feb908999cc6a5d418b024c07167bd8212d06fdd67774e0a0fd7c359aeb19a2b,349,2026-09-04T14:05:59+00:00,200
cbp_metadata,https://api.census.gov/data/2022/cbp/groups/CB2200CBP.json,data/raw/audit/cbp_metadata/2022/groups_CB2200CBP.json,8390da6b1db3c85e32ac2bdecf437fa5f161cb0a7bcf4e137c233008b7e34451,9751,2026-09-04T14:05:59+00:00,200
cbp_metadata,https://api.census.gov/data/2022/cbp/variables/LFO.json,data/raw/audit/cbp_metadata/2022/lfo.json,03e1460066af9730e10b203285a9e583c69cc7088cf61036da2f9fd739f952b8,398,2026-09-04T14:05:59+00:00,200
cbp_metadata,https://api.census.gov/data/2022/cbp/variables.json,data/raw/audit/cbp_metadata/2022/variables.json,a36c4a1fdec7b2a7aa46306434492e6e3d5365910734ca63d3350303b3c0c5d4,496665,2026-09-04T14:05:59+00:00,200
cbp_metadata,https://api.census.gov/data/2023/cbp,data/raw/audit/cbp_metadata/2023/data_113310.json,a93686d7ee991a756c87fc94f76b827027254125cb0927f409e7438d692f96c2,20152,2026-09-04T14:06:01+00:00,200
cbp_metadata,https://api.census.gov/data/2023/cbp,data/raw/audit/cbp_metadata/2023/data_113310_attempt1.json,a93686d7ee991a756c87fc94f76b827027254125cb0927f409e7438d692f96c2,20152,2026-09-04T14:06:01+00:00,200
cbp_metadata,https://api.census.gov/data/2023/cbp.json,data/raw/audit/cbp_metadata/2023/dataset.json,47a4c65e6990bbf48f8994c7e8d26dce8d8a43d5b831931adf7f3d3489d19b87,2833,2026-09-04T14:05:59+00:00,200
cbp_metadata,https://api.census.gov/data/2023/cbp/variables/EMPSZES.json,data/raw/audit/cbp_metadata/2023/empszes.json,73adbbd09cac2634fd3e10dc52b60932ab18aa60dc6bdc03a764fb41a2b285a8,413,2026-09-04T14:05:59+00:00,200
cbp_metadata,https://api.census.gov/data/2023/cbp/geography.json,data/raw/audit/cbp_metadata/2023/geography.json,10c6271f572ca296b82078ae82c89e183769b873d5d2ea27cecc52528ba79ddf,1090,2026-09-04T14:06:00+00:00,200
cbp_metadata,https://api.census.gov/data/2023/cbp/groups.json,data/raw/audit/cbp_metadata/2023/groups.json,0507016adb7ba6957cbb9afd744f7670edf5c7fca49aff941614efab2860a2c3,349,2026-09-04T14:05:59+00:00,200
cbp_metadata,https://api.census.gov/data/2023/cbp/groups/CB2300CBP.json,data/raw/audit/cbp_metadata/2023/groups_CB2300CBP.json,4682c59111e660b5c6a1207fb282806c72b426c4afbab38de2fc5c1abe1a71e9,11233,2026-09-04T14:05:59+00:00,200
cbp_metadata,https://api.census.gov/data/2023/cbp/variables/LFO.json,data/raw/audit/cbp_metadata/2023/lfo.json,7cfa0d7e09bc16223b0a09f28b0ac0a1e2e8b500f0104704ca43bf185bdba76d,398,2026-09-04T14:06:00+00:00,200
cbp_metadata,https://api.census.gov/data/2023/cbp/variables.json,data/raw/audit/cbp_metadata/2023/variables.json,3607074b2883892aec2d09c37a15b0daf84891cffd309b047680db364f4e9905,543719,2026-09-04T14:05:59+00:00,200
cbp_regime,https://www2.census.gov/programs-surveys/cbp/technical-documentation/records-layouts/2017_record_layouts/state_layout_2017.txt,data/raw/audit/cbp_regime/docs/2017_state_layout_2017.txt,6bac5bac65442b86d1a0fddb4d0c9d883a9155bbf8adcd568e282e364903b8af,9462,2026-09-04T16:25:22+00:00,200
cbp_regime,https://www.census.gov/programs-surveys/cbp/technical-documentation/methodology.html,data/raw/audit/cbp_regime/docs/methodology.html,438a2ccc99b76957fd93a89662be5e111aee252d02029efdfef4addc1cc5fe2d,371370,2026-09-04T16:25:20+00:00,200
cbp_regime,https://www2.census.gov/programs-surveys/cbp/technical-documentation/records-layouts/noise-layout/state_x_lfo_layout.txt,data/raw/audit/cbp_regime/docs/noise_state_x_lfo_layout.txt,802f84396e7ce05d82779ebf0588ac1e0fcf796ed1993c28e2c19e44f25c306c,9215,2026-09-04T16:25:22+00:00,200
cbp_regime,https://www.census.gov/programs-surveys/cbp/technical-documentation/record-layouts.html,data/raw/audit/cbp_regime/docs/record-layouts.html,1bd313c6b3d419446ed8eb5ba6f0c94c4084563fde768ea7d8eaaf898d5d3704,327902,2026-09-04T16:25:21+00:00,200
cbp_regime,https://www.census.gov/programs-surveys/cbp/technical-documentation.html,data/raw/audit/cbp_regime/docs/technical-documentation.html,41fcbc4e81506c0fd39c0fd8550380280a88796c923f49882732bbba88455d6d,309672,2026-09-04T16:25:20+00:00,200
cbp_regime,https://api.census.gov/data/2017/cbp/variables/EMP.json,data/raw/audit/cbp_regime/variables/2017_EMP.json,4fd391fa731e69f662d14050df786274a881be1c0ba1efac56b040686d63b90d,302,2026-09-04T16:25:22+00:00,200
cbp_regime,https://api.census.gov/data/2017/cbp/variables/EMP_F.json,data/raw/audit/cbp_regime/variables/2017_EMP_F.json,57f165b676fa5b3144fc97644979b86193c363ff26fd03eb42abb0f2965b33ad,344,2026-09-04T16:25:22+00:00,200
cbp_regime,https://api.census.gov/data/2017/cbp/variables/EMP_N.json,data/raw/audit/cbp_regime/variables/2017_EMP_N.json,a788ff479e55e3ce08dee771c73c3dfdb53b33628432d722c7b5667662901913,362,2026-09-04T16:25:22+00:00,200
cbp_regime,https://api.census.gov/data/2017/cbp/variables/EMP_N_F.json,data/raw/audit/cbp_regime/variables/2017_EMP_N_F.json,ad077046980d63fab64bf980347302484a6992e77fae70666b8366df67a9d74f,393,2026-09-04T16:25:22+00:00,200
cbp_regime,https://api.census.gov/data/2018/cbp/variables/EMP.json,data/raw/audit/cbp_regime/variables/2018_EMP.json,aa11d7f19816247e76651218ac3ffa55a5550059e1920d183d90ea890ca8a203,451,2026-09-04T16:25:35+00:00,200
cbp_regime,https://api.census.gov/data/2018/cbp/variables/EMP_F.json,data/raw/audit/cbp_regime/variables/2018_EMP_F.json,b71e5783e8ec706625b8f421502f15e6ccee30d6bd683d4c8f63b5b8e5db8e3d,493,2026-09-04T16:25:35+00:00,200
cbp_regime,https://api.census.gov/data/2018/cbp/variables/EMP_N.json,data/raw/audit/cbp_regime/variables/2018_EMP_N.json,3fdee47efa76203d6bb7073b7325e7fab7c9c7a8f6e5897b9e0640be678ed928,471,2026-09-04T16:25:35+00:00,200
cbp_regime,https://api.census.gov/data/2018/cbp/variables/EMP_N_F.json,data/raw/audit/cbp_regime/variables/2018_EMP_N_F.json,439f54ff94a1f67e3651e661a732362c1529169e6aacf7f4617ef2c971f2e0dd,514,2026-09-04T16:25:35+00:00,200
cbp_regime,https://api.census.gov/data/2019/cbp/variables/EMP.json,data/raw/audit/cbp_regime/variables/2019_EMP.json,1b830990222883aa64d22aa208fa1a19671767e66259c0921d7a5f231cc40470,344,2026-09-04T16:25:35+00:00,200
cbp_regime,https://api.census.gov/data/2019/cbp/variables/EMP_F.json,data/raw/audit/cbp_regime/variables/2019_EMP_F.json,c5829dcca50aade3755cd3102e2abb99105d883f849c37342ceaa65ea83c5a8f,386,2026-09-04T16:25:36+00:00,200
cbp_regime,https://api.census.gov/data/2019/cbp/variables/EMP_N.json,data/raw/audit/cbp_regime/variables/2019_EMP_N.json,cd1022baed1da41d9f9249dfc41de5e0c45db552f3689cbb6539fda775af67d0,364,2026-09-04T16:25:36+00:00,200
cbp_regime,https://api.census.gov/data/2019/cbp/variables/EMP_N_F.json,data/raw/audit/cbp_regime/variables/2019_EMP_N_F.json,458d5832a771ec45f391422c166df97fdf5c926012166d8b3a5105b91619f967,407,2026-09-04T16:25:36+00:00,200
cbp_regime,https://api.census.gov/data/2020/cbp/variables/EMP.json,data/raw/audit/cbp_regime/variables/2020_EMP.json,5dc79ffb4a7924464d8a8a2541ea472984a31548eede5e8235491f71c6d36b5f,344,2026-09-04T16:25:37+00:00,200
cbp_regime,https://api.census.gov/data/2020/cbp/variables/EMP_F.json,data/raw/audit/cbp_regime/variables/2020_EMP_F.json,9e11551facbe8147b04387108e3b7c32c6238cb6a66968a5a698420a17e2b508,386,2026-09-04T16:25:37+00:00,200
cbp_regime,https://api.census.gov/data/2020/cbp/variables/EMP_N.json,data/raw/audit/cbp_regime/variables/2020_EMP_N.json,d688abfff30201daf0d56a04ecafeec5bf1edcedc93a860fca15e6c1cee04186,364,2026-09-04T16:25:37+00:00,200
cbp_regime,https://api.census.gov/data/2020/cbp/variables/EMP_N_F.json,data/raw/audit/cbp_regime/variables/2020_EMP_N_F.json,38154629490e4d6ce3897f08c1e2e72c0197e8ba45d8b7519247b54f32096ea2,407,2026-09-04T16:25:37+00:00,200
cbp_regime,https://api.census.gov/data/2021/cbp/variables/EMP.json,data/raw/audit/cbp_regime/variables/2021_EMP.json,c92ff7f63e85b545605d12487e256ff444dd030e219c97612003cdb47ed4697f,344,2026-09-04T16:25:37+00:00,200
cbp_regime,https://api.census.gov/data/2021/cbp/variables/EMP_F.json,data/raw/audit/cbp_regime/variables/2021_EMP_F.json,c5b05c3d57e5fe72dcd1b2686fc29b2bb127fafebfc55983b05e3350b5cb7c1a,386,2026-09-04T16:25:37+00:00,200
cbp_regime,https://api.census.gov/data/2021/cbp/variables/EMP_N.json,data/raw/audit/cbp_regime/variables/2021_EMP_N.json,559d92dfc4d0870e694d47065689125e85789030ff113bc3f45caa2df858d758,364,2026-09-04T16:25:37+00:00,200
cbp_regime,https://api.census.gov/data/2021/cbp/variables/EMP_N_F.json,data/raw/audit/cbp_regime/variables/2021_EMP_N_F.json,5bc9e9ca787925d311611560cd4c5cec3a9016ac6a3ae01eb485d8e3e53b7db4,407,2026-09-04T16:25:37+00:00,200
cbp_regime,https://api.census.gov/data/2022/cbp/variables/EMP.json,data/raw/audit/cbp_regime/variables/2022_EMP.json,d65065a4c72a2b3bdb7ee35fa60dbe96041008cdf3341b998c869f4b3ec9a0f7,344,2026-09-04T16:25:37+00:00,200
cbp_regime,https://api.census.gov/data/2022/cbp/variables/EMP_F.json,data/raw/audit/cbp_regime/variables/2022_EMP_F.json,53c17818c619ca1f11dbdb8a445fd915b8b9d3c5575c3a54a82a9670a5856e74,386,2026-09-04T16:25:37+00:00,200
cbp_regime,https://api.census.gov/data/2022/cbp/variables/EMP_N.json,data/raw/audit/cbp_regime/variables/2022_EMP_N.json,a8e0f144b72d61225e715b7f847ee516626ae676dae413cbffd07925d1d0c905,364,2026-09-04T16:25:37+00:00,200
cbp_regime,https://api.census.gov/data/2022/cbp/variables/EMP_N_F.json,data/raw/audit/cbp_regime/variables/2022_EMP_N_F.json,5a1a47991476f14e3b3c8ce352f65c046cff3cef5bc347625a4e62326bc6e71a,406,2026-09-04T16:25:37+00:00,200
cbp_regime,https://api.census.gov/data/2023/cbp/variables/EMP.json,data/raw/audit/cbp_regime/variables/2023_EMP.json,e4beb70adf07b9e5ae856f4aae46c45964d4b94605c253c3f3e22857800967f8,344,2026-09-04T16:25:37+00:00,200
cbp_regime,https://api.census.gov/data/2023/cbp/variables/EMP_F.json,data/raw/audit/cbp_regime/variables/2023_EMP_F.json,1837367b51fc8717e7a84a1360516cd5f0fef08b2c092ac482ac371932d01186,386,2026-09-04T16:25:37+00:00,200
cbp_regime,https://api.census.gov/data/2023/cbp/variables/EMP_N.json,data/raw/audit/cbp_regime/variables/2023_EMP_N.json,61aed1566b93cef735a36bdcaaf597cee24385ec2288b8057e5ce3372ad3658f,364,2026-09-04T16:25:37+00:00,200
cbp_regime,https://api.census.gov/data/2023/cbp/variables/EMP_N_F.json,data/raw/audit/cbp_regime/variables/2023_EMP_N_F.json,94f9eec69936bd157a8842640b2793a591449c5abc0934fc53df4728eee4a05f,406,2026-09-04T16:25:37+00:00,200
ces,https://download.bls.gov/pub/time.series/sm/sm.area,data/raw/audit/ces/sm.area,357930421d05d7883c8ddb7657d0046e55e10e48840de2cb63e106d2d66e5649,12644,2026-09-04T23:14:00+00:00,200
ces,https://download.bls.gov/pub/time.series/sm/sm.data_type,data/raw/audit/ces/sm.data_type,3b14101486303537f41bcfbd187dcdb7cc5dd6d949830f7d4c9ab4a7f499b2dc,819,2026-09-04T23:14:00+00:00,200
ces,https://download.bls.gov/pub/time.series/sm/sm.industry,data/raw/audit/ces/sm.industry,63562d3efc25f54bc6163fc4282df1abb7c0653d24add398a685f3b4e836dbb9,14684,2026-09-04T23:14:00+00:00,200
ces,https://download.bls.gov/pub/time.series/sm/sm.series,data/raw/audit/ces/sm.series,22d766abc8838a77bd5427c684186b464759a7ec712e1904b246c76bb742abdc,1880196,2026-09-04T23:14:00+00:00,200
ces,https://download.bls.gov/pub/time.series/sm/sm.state,data/raw/audit/ces/sm.state,147cc20c91412cc8d70dd7003ea70453c20b68b396735bcc55159fd14b74b926,809,2026-09-04T23:14:00+00:00,200
fia,https://apps.fs.usda.gov/fiadb-api/,data/raw/audit/fia/fiadb_api_doc.html,495e9bcb1704cd69e030bf119caecabeade02cd92ca9bc39d13515466f559507,27844,2026-09-04T23:26:53+00:00,200
fia,https://apps.fs.usda.gov/fiadb-api/fullreport,data/raw/audit/fia/fullreport_naive_probe.html,15defd5393007ed6f02d92da6bf7a78177ef4cfdf38a228bb5d3f19f4a1e866d,4530,2026-09-04T23:26:56+00:00,200
fia,https://apps.fs.usda.gov/fiadb-api/fullreport,data/raw/audit/fia/fullreport_real_probe.json,3b269a44aa95bee98eeeeed69dade0d7f53ef2d1fea887e6634c96b11f3ab06d,34033,2026-09-04T23:26:57+00:00,200
fia,https://apps.fs.usda.gov/Evalidator/evalidator.jsp,data/raw/audit/fia/other_route_0.bin,ae23bd3c9bb4d60f715a520661285676cda2486303c0d7403976ee5006aa603f,662,2026-09-04T23:27:10+00:00,500
fia,https://www.fs.usda.gov/research/programs/fia,data/raw/audit/fia/other_route_1.bin,abc917f974fdb8cb1b8c6ca8e66e8e5e22e585f0d47fd8017bd43ae6c9afe226,67698,2026-09-04T23:27:10+00:00,200
fia,https://apps.fs.usda.gov/fiadb-api/fullreport/parameters/snum,data/raw/audit/fia/snum_estimate_attributes.html,3b3e03463f45dccb89de94914b01a0dd8cadc8cce57249fec1724019ae592357,340301,2026-09-04T23:26:56+00:00,200
fia,https://apps.fs.usda.gov/fiadb-api/fullreport/parameters/wc,data/raw/audit/fia/wc_evaluation_index.html,646092c1016942ae2a1ff129ed15cd49d290e8975adbac9c764925985cdab3a8,344591,2026-09-04T23:26:56+00:00,200
qcew_codes,https://data.bls.gov/cew/doc/titles/agglevel/agglevel_titles.csv,data/raw/audit/qcew_codes/titles/agglvl_code.csv,7de7143e739476ff4ef605a4f043550d376b4d5695260d0674f6e0c7f9f95250,2750,2026-09-04T23:13:45+00:00,200
qcew_codes,https://data.bls.gov/cew/doc/titles/area/area_titles.csv,data/raw/audit/qcew_codes/titles/area_fips.csv,92ec00f591bd986cd46e027a05e35b33b0d2d724f3b76c96969f0e73145698d6,343559,2026-09-04T23:13:45+00:00,200
qcew_codes,https://data.bls.gov/cew/doc/titles/industry/industry_titles.csv,data/raw/audit/qcew_codes/titles/industry_code.csv,facc122ef582f3efdbb5294f103331894d8fdab694de38e4ee7bff1b941ab8e1,164248,2026-09-04T23:13:46+00:00,200
qcew_codes,https://data.bls.gov/cew/doc/titles/ownership/ownership_titles.csv,data/raw/audit/qcew_codes/titles/own_code.csv,9586b30199a494e1add8615998638801b58cc7d52dacacd5e62b41feab5b11b6,230,2026-09-04T23:13:45+00:00,200
qcew_codes,https://data.bls.gov/cew/doc/titles/size/size_titles.csv,data/raw/audit/qcew_codes/titles/size_code.csv,76436a799b3f3fdcf338213e9c00111f0b81eeba1a99ac26451492db056b98e8,445,2026-09-04T23:13:45+00:00,200
qcew_panel,derived://qcew_routes/slices,data/raw/audit/qcew_panel/panel.parquet,f2127ddb33fe45badfb899f4230fe537e3464ea0bad3e3d9724508bdff40adee,17878,2026-09-04T23:13:51+00:00,
qcew_routes,https://data.bls.gov/cew/data/files/2017/csv/2017_qtrly_by_industry.zip,data/raw/audit/qcew_routes/bulk/2017_qtrly_by_industry.zip,15795392040cb4ad772c02e86f9a223dac742c61994570f07fda0d022375227c,460476363,2026-09-03T20:17:52+00:00,200
qcew_routes,https://data.bls.gov/cew/data/api/2017/1/industry/113310.csv,data/raw/audit/qcew_routes/slices/2017q1.csv,28a6118bb33aab007684ab7091fda207696a876f612f29b3d26b40c93f6fcc6e,265459,2026-09-03T20:17:13+00:00,200
qcew_routes,https://data.bls.gov/cew/data/api/2017/2/industry/113310.csv,data/raw/audit/qcew_routes/slices/2017q2.csv,f1c3a05ba122eb669a7aa6ce68749877d283b35c3be8250e0f1290a1e0c2151d,266555,2026-09-03T20:17:13+00:00,200
qcew_routes,https://data.bls.gov/cew/data/api/2017/3/industry/113310.csv,data/raw/audit/qcew_routes/slices/2017q3.csv,ea748a69f8a99214db7f5009eabe8c61fcb35d3d55f1222ea78cced35f4ea81b,266361,2026-09-03T20:17:14+00:00,200
qcew_routes,https://data.bls.gov/cew/data/api/2017/4/industry/113310.csv,data/raw/audit/qcew_routes/slices/2017q4.csv,fb2d282f6fa5a1be5a872c0d18bd77beb097eef6c58388e6587d978e04785eb4,261897,2026-09-03T20:17:14+00:00,200
qcew_routes,https://data.bls.gov/cew/data/api/2018/1/industry/113310.csv,data/raw/audit/qcew_routes/slices/2018q1.csv,10a27d196e4b862eebcd64927b2ddad42617ede2f41f7c76624d0ed92787b788,268135,2026-09-03T20:17:15+00:00,200
qcew_routes,https://data.bls.gov/cew/data/api/2018/2/industry/113310.csv,data/raw/audit/qcew_routes/slices/2018q2.csv,92314745bdc7b94bb51beb4664786461c3a20afafdb4a6040c1d54357d3d7d0e,267567,2026-09-03T20:17:15+00:00,200
qcew_routes,https://data.bls.gov/cew/data/api/2018/3/industry/113310.csv,data/raw/audit/qcew_routes/slices/2018q3.csv,e26065252b31e407033ddf6ed4e872616b970df58511aaa1d8b96005802c4399,267477,2026-09-03T20:17:15+00:00,200
qcew_routes,https://data.bls.gov/cew/data/api/2018/4/industry/113310.csv,data/raw/audit/qcew_routes/slices/2018q4.csv,c8ff8c4fdf602f113b0f4031fa4d17492227195029f535ff5ee9a96b9ee8cde6,264231,2026-09-03T20:17:16+00:00,200
qcew_routes,https://data.bls.gov/cew/data/api/2019/1/industry/113310.csv,data/raw/audit/qcew_routes/slices/2019q1.csv,f31705f12b6cb8e50e5136f4c59d08e6df35f78de4d42e70d02190f8ef90186b,268857,2026-09-03T20:17:17+00:00,200
qcew_routes,https://data.bls.gov/cew/data/api/2019/2/industry/113310.csv,data/raw/audit/qcew_routes/slices/2019q2.csv,007bd58533b85e1cb5f30f5d4250fe268440d5438572daa083627a8deb534ff7,267342,2026-09-03T20:17:18+00:00,200
qcew_routes,https://data.bls.gov/cew/data/api/2019/3/industry/113310.csv,data/raw/audit/qcew_routes/slices/2019q3.csv,92bdb716f5b26ba2265b2a988bb457fce5f1d71246d6880ec319f73791541983,267444,2026-09-03T20:17:19+00:00,200
qcew_routes,https://data.bls.gov/cew/data/api/2019/4/industry/113310.csv,data/raw/audit/qcew_routes/slices/2019q4.csv,16814b90c839ae128640dba1310802a1ea356c576ca91baa5d7f529c3a20bd03,263594,2026-09-03T20:17:20+00:00,200
qcew_routes,https://data.bls.gov/cew/data/api/2020/1/industry/113310.csv,data/raw/audit/qcew_routes/slices/2020q1.csv,9ac93b6fa325b99b33967c67394b9d0ae59770d192f6736673ff859809d91eaf,271063,2026-09-03T20:17:21+00:00,200
qcew_routes,https://data.bls.gov/cew/data/api/2020/2/industry/113310.csv,data/raw/audit/qcew_routes/slices/2020q2.csv,4ca81abe60ae144fcb7cbb3e3381e29fd29be4e1f1cbaececec207e85f88fce3,270233,2026-09-03T20:17:22+00:00,200
qcew_routes,https://data.bls.gov/cew/data/api/2020/3/industry/113310.csv,data/raw/audit/qcew_routes/slices/2020q3.csv,8e7400000938e5e3ab4056c1ec020f8318a4c8465e984688cdaad611bf21cdac,269772,2026-09-03T20:17:23+00:00,200
qcew_routes,https://data.bls.gov/cew/data/api/2020/4/industry/113310.csv,data/raw/audit/qcew_routes/slices/2020q4.csv,9f8becc91b8fac33466d1b27a5eacb9c268f08d1a2cc8eea4a14e486b022b2d3,267671,2026-09-03T20:17:24+00:00,200
qcew_routes,https://data.bls.gov/cew/data/api/2021/1/industry/113310.csv,data/raw/audit/qcew_routes/slices/2021q1.csv,1fefdc0ecce61efe7dc28b7501fc5a3102edcf7e973e9bcd252c9a7b566c9e8f,270676,2026-09-03T20:17:25+00:00,200
qcew_routes,https://data.bls.gov/cew/data/api/2021/2/industry/113310.csv,data/raw/audit/qcew_routes/slices/2021q2.csv,e0d25d6e67587cd96b69ee2c1505596ee4d36a09438385b1ac382c871cec630d,270278,2026-09-03T20:17:26+00:00,200
qcew_routes,https://data.bls.gov/cew/data/api/2021/3/industry/113310.csv,data/raw/audit/qcew_routes/slices/2021q3.csv,bde230c00526ba09fb768c39db52c23ccae4e1a259024b99818b1e4fcb739ee5,270475,2026-09-03T20:17:27+00:00,200
qcew_routes,https://data.bls.gov/cew/data/api/2021/4/industry/113310.csv,data/raw/audit/qcew_routes/slices/2021q4.csv,de669f212d87e9d05e70ab3390845465d1630701e6186a8fd22057c1eaa6b9e2,267195,2026-09-03T20:17:27+00:00,200
qcew_routes,https://data.bls.gov/cew/data/api/2022/1/industry/113310.csv,data/raw/audit/qcew_routes/slices/2022q1.csv,aa3a741b1a9ecf579fab581cb034a84de304d8f37d16cb0abe028ad77016c453,271033,2026-09-03T20:17:28+00:00,200
qcew_routes,https://data.bls.gov/cew/data/api/2022/2/industry/113310.csv,data/raw/audit/qcew_routes/slices/2022q2.csv,54f4574bde82d5f0bad8241e2be167f044ef6eef700c81db81fdf0964b7d22f6,271250,2026-09-03T20:17:29+00:00,200
qcew_routes,https://data.bls.gov/cew/data/api/2022/3/industry/113310.csv,data/raw/audit/qcew_routes/slices/2022q3.csv,bcf8f823655fcdeb2309401fd4de4dd560134dec7697061a8f30553ac5193d3f,272096,2026-09-03T20:17:29+00:00,200
qcew_routes,https://data.bls.gov/cew/data/api/2022/4/industry/113310.csv,data/raw/audit/qcew_routes/slices/2022q4.csv,658a6ce619190b1d2b5b715380876e21e627c5d266dd59da81f03c4084be4f85,268501,2026-09-03T20:17:30+00:00,200
qcew_routes,https://data.bls.gov/cew/data/api/2023/1/industry/113310.csv,data/raw/audit/qcew_routes/slices/2023q1.csv,ea0535fb02362510be6aaedaf36ccff142bcd3d34110cd978f4c7f5d977dac36,272252,2026-09-03T20:17:30+00:00,200
qcew_routes,https://data.bls.gov/cew/data/api/2023/2/industry/113310.csv,data/raw/audit/qcew_routes/slices/2023q2.csv,a7dcf9e2c8911934d1850529cde7f39d0d6f9f25a3a91f087cd2ab76386a6acd,273378,2026-09-03T20:17:31+00:00,200
qcew_routes,https://data.bls.gov/cew/data/api/2023/3/industry/113310.csv,data/raw/audit/qcew_routes/slices/2023q3.csv,f2e53918e05531d4ecedfaea3b1368ec8f722f97e6ff6d72f5593635bf03462c,273363,2026-09-03T20:17:31+00:00,200
qcew_routes,https://data.bls.gov/cew/data/api/2023/4/industry/113310.csv,data/raw/audit/qcew_routes/slices/2023q4.csv,7e76a181128c16cfa91d22e2ec1310045ce7fe2e6686c14b0101aa25e6fd78f7,268877,2026-09-03T20:17:32+00:00,200
qcew_routes,https://data.bls.gov/cew/data/api/2024/1/industry/113310.csv,data/raw/audit/qcew_routes/slices/2024q1.csv,23c433e59b9df316413e4d57951f15ee18e9d58a6d69a1a5f0cd57a22ed93304,267123,2026-09-03T20:17:32+00:00,200
qcew_routes,https://data.bls.gov/cew/data/api/2024/2/industry/113310.csv,data/raw/audit/qcew_routes/slices/2024q2.csv,899989e9406b73f821f1216d9adc03522a59c27817ca8e0078c61698902e4c5b,267205,2026-09-03T20:17:33+00:00,200
qcew_routes,https://data.bls.gov/cew/data/api/2024/3/industry/113310.csv,data/raw/audit/qcew_routes/slices/2024q3.csv,7393df2778951885fe0ab38ff5bd752d36699ce8d88e775d6f95f2325d1720a7,266977,2026-09-03T20:17:33+00:00,200
qcew_routes,https://data.bls.gov/cew/data/api/2024/4/industry/113310.csv,data/raw/audit/qcew_routes/slices/2024q4.csv,66ff9d04bdf2966533a3ae0243bce1c78be3fa31a195e902764b90e89f99b7e4,263278,2026-09-03T20:17:34+00:00,200
qcew_size,https://data.bls.gov/cew/data/files/2017/csv/2017_q1_by_size.zip,data/raw/audit/qcew_size/2017_q1_by_size.zip,4fcd24aa50a71e280148ccc078e2e03b94b7c70196d5332373a774250a1ce8fd,1851523,2026-09-04T01:04:57+00:00,200
qcew_size,https://data.bls.gov/cew/data/files/2018/csv/2018_q1_by_size.zip,data/raw/audit/qcew_size/2018_q1_by_size.zip,6698992abae7a38b71ed4a8c2f2e699681c5c1fe78f21e802793c9263e1540b6,1914508,2026-09-04T01:04:57+00:00,200
qcew_size,https://data.bls.gov/cew/data/files/2019/csv/2019_q1_by_size.zip,data/raw/audit/qcew_size/2019_q1_by_size.zip,81c0d19d79f4827b4d94a7d7e6da1c1e03a517e08d50d694d7a82e516911fc4f,1909346,2026-09-04T01:04:57+00:00,200
qcew_size,https://data.bls.gov/cew/data/files/2020/csv/2020_q1_by_size.zip,data/raw/audit/qcew_size/2020_q1_by_size.zip,287cf27fdff75b16af49dde1ca733e4c946749c71dfea1692b689f323c9d0f2e,1870712,2026-09-04T01:04:57+00:00,200
qcew_size,https://data.bls.gov/cew/data/files/2021/csv/2021_q1_by_size.zip,data/raw/audit/qcew_size/2021_q1_by_size.zip,df4d45917d50e1f58fed1fe13dfcca29d3f7f348c9470402e2db80dd5fd01c1e,1931041,2026-09-04T01:04:58+00:00,200
qcew_size,https://data.bls.gov/cew/data/files/2022/csv/2022_q1_by_size.zip,data/raw/audit/qcew_size/2022_q1_by_size.zip,3c3c9b2d7671cfb736cf36f463b6b5742271917fb1ce30ed02a4ed47ddb2394d,1827454,2026-09-04T01:04:58+00:00,200
qcew_size,https://data.bls.gov/cew/data/files/2023/csv/2023_q1_by_size.zip,data/raw/audit/qcew_size/2023_q1_by_size.zip,1343287671f4d8f8e4700ba0bf489b00c5b7913a7ceb621a76e504072135dd21,1919805,2026-09-04T01:04:58+00:00,200
qcew_size,https://data.bls.gov/cew/data/files/2024/csv/2024_q1_by_size.zip,data/raw/audit/qcew_size/2024_q1_by_size.zip,aecb2cfe58454c5e345cd2739f17f4343ff46e0c1b5b20e9baae2f485203ea84,1830454,2026-09-04T01:04:58+00:00,200
susb,https://www2.census.gov/programs-surveys/susb/tables/2022/,data/raw/audit/susb/2022_index.html,83bfa515872da511ffb7aa1b200aa2a554315aef3f5425f8a5ac133adcfd2c7b,17694,2026-09-04T19:58:32+00:00,200
susb,https://www2.census.gov/programs-surveys/susb/technical-documentation/record_layout_us_and_state_2007_to_present.txt,data/raw/audit/susb/record_layout.txt,e526a373efa9a6c0adaecd68b81cc5bea54bf727194d2a80e5ab7ee1e1c74fc0,2652,2026-09-04T19:58:36+00:00,200
susb,https://www2.census.gov/programs-surveys/susb/tables/,data/raw/audit/susb/tables_index.html,7b50f273c531e9547aed2980a534db980ddd14d20826925befa99182bebb575f,19849,2026-09-04T19:58:32+00:00,200
susb,https://www2.census.gov/programs-surveys/susb/tables/2022/us_state_6digitnaics_2022.txt,data/raw/audit/susb/us_state_6digitnaics_2022.txt,6f7b2f2b14cbad9dbfeb31d3bfc9f729368a0e971727de4eda88c9f83f77a513,56000447,2026-09-04T19:58:36+00:00,200
susb,https://www2.census.gov/programs-surveys/susb/tables/2022/us_state_naics_detailedsizes_2022.txt,data/raw/audit/susb/us_state_naics_detailedsizes_2022.txt,f07eef547763a7a21cb453bf6f4119f768f5939dc499a65850a532ea74489ccf,6995555,2026-09-04T19:58:33+00:00,200
tpo,https://usfs-public.app.box.com/s/y4ziirdb9v7zardus0cuajh7ziy9b2id/folder/359625501534,data/raw/audit/tpo/box_2024_folder.html,1b7d5f9a743695bc587abd2474273af6cb132c5abce8979c48ea86ee53eab8a1,51648,2026-09-04T23:27:13+00:00,200
tpo,https://usfs-public.app.box.com/s/y4ziirdb9v7zardus0cuajh7ziy9b2id,data/raw/audit/tpo/box_nrum_data_folder.html,bdf7ba18582519aaa95f0d7ff84525fae42f432a6f57e776053693e57acdb8a7,59364,2026-09-04T23:27:12+00:00,200
tpo,https://research.fs.usda.gov/programs/nrum,data/raw/audit/tpo/candidate_0.bin,2247933292f874e41fad83261cbbe763e925513f7a00fe371db0766982ad6444,106526,2026-09-04T23:27:10+00:00,200
tpo,https://research.fs.usda.gov/products/dataandtools/timber-products-output-tpo-interactive-reporting-tool,data/raw/audit/tpo/candidate_1.bin,4ee8f5f830a1844155181cf0ad882af7be3c8d4b40d52d87befab2979310c664,81316,2026-09-04T23:27:11+00:00,200
tpo,https://apps.fs.usda.gov/fiadb-api/tpo,data/raw/audit/tpo/candidate_2.bin,08809ddc25fe6350ea415317aa8103f5fa2f6567f95327dfe0dc3b9b9fe42290,4208,2026-09-04T23:27:11+00:00,404
tpo,https://public.tableau.com/views/TPOREPORTINGTOOL/MakeSelection?%3AshowVizHome=no,data/raw/audit/tpo/discovered_0.bin,e11bef2be741058279e7f5305b6d2418ab9eab12ae667e3f47f27b49bb1d5df4,6569,2026-09-04T23:27:11+00:00,200
tpo,https://research.fs.usda.gov/products/dataandtools/national-resource-use-monitoring-data-downloads,data/raw/audit/tpo/discovered_1.bin,baa6c38cf97ce2178548bfc56a98cc76a0abe378af637da18070bfe046c7ca18,67963,2026-09-04T23:27:11+00:00,200
tpo,https://usfs-public.app.box.com/index.php?rm=box_download_shared_file&shared_name=y4ziirdb9v7zardus0cuajh7ziy9b2id&file_id=f_2095812033097,data/raw/audit/tpo/tpo_sample_2024_Alabama_2024.xlsx,39df1266eb157b89e09015fde469fb6cb8eedbbc30047bef3242b993b3515020,3947983,2026-09-04T23:27:14+00:00,200
